<?xml version="1.0" encoding="UTF-8"?>
<!-- Created with TexturePacker http://texturepacker.com-->
<!-- $TexturePacker:SmartUpdate:ac9dff798214f47f3dfc1767f7453ea9$ -->
<TextureAtlas imagePath="traintimes.png">
    <SubTexture name="back-icon" x="216" y="35" width="25" height="27"/>
    <SubTexture name="cancel-icon" x="216" y="2" width="30" height="30"/>
    <SubTexture name="confirm-icon" x="2" y="477" width="41" height="30"/>
    <SubTexture name="header-background" x="249" y="2" width="4" height="12"/>
    <SubTexture name="horizontal-scroll-bar-thumb-skin" x="216" y="65" width="24" height="8"/>
    <SubTexture name="main-background" x="2" y="2" width="125" height="125"/>
    <SubTexture name="station-list-first-normal-icon" x="2" y="370" width="53" height="104" frameX="-15" frameY="-56" frameWidth="83" frameHeight="160"/>
    <SubTexture name="station-list-first-selected-icon" x="88" y="165" width="83" height="120" frameX="0" frameY="-40" frameWidth="83" frameHeight="160"/>
    <SubTexture name="station-list-last-normal-icon" x="2" y="257" width="53" height="110" frameX="-15" frameY="0" frameWidth="83" frameHeight="160"/>
    <SubTexture name="station-list-last-selected-icon" x="2" y="130" width="83" height="124" frameX="0" frameY="0" frameWidth="83" frameHeight="160"/>
    <SubTexture name="station-list-normal-icon" x="174" y="165" width="53" height="160" frameX="-15" frameY="0" frameWidth="83" frameHeight="160"/>
    <SubTexture name="station-list-selected-icon" x="130" y="2" width="83" height="160"/>
    <SubTexture name="vertical-scroll-bar-thumb-skin" x="244" y="35" width="8" height="24"/>
</TextureAtlas>
