<?xml version="1.0" encoding="utf-8"?>
<componentPackage>
	<component id="Button" class="feathers.controls.Button"/>
	<component id="ButtonGroup" class="feathers.controls.ButtonGroup"/>
	<component id="Check" class="feathers.controls.Check"/>
	<component id="GroupedList" class="feathers.controls.GroupedList"/>
	<component id="Header" class="feathers.controls.Header"/>
	<component id="ImageLoader" class="feathers.controls.ImageLoader"/>
	<component id="Label" class="feathers.controls.Label"/>
	<component id="LayoutGroup" class="feathers.controls.LayoutGroup"/>
	<component id="List" class="feathers.controls.List"/>
	<component id="NumericStepper" class="feathers.controls.NumericStepper"/>
	<component id="PageIndicator" class="feathers.controls.PageIndicator"/>
	<component id="Panel" class="feathers.controls.Panel"/>
	<component id="PanelScreen" class="feathers.controls.PanelScreen"/>
	<component id="PickerList" class="feathers.controls.PickerList"/>
	<component id="ProgressBar" class="feathers.controls.ProgressBar"/>
	<component id="Radio" class="feathers.controls.Radio"/>
	<component id="Screen" class="feathers.controls.Screen"/>
	<component id="ScreenNavigator" class="feathers.controls.ScreenNavigator"/>
	<component id="ScreenNavigatorItem" class="feathers.controls.ScreenNavigatorItem"/>
	<component id="ScrollBar" class="feathers.controls.ScrollBar"/>
	<component id="ScrollContainer" class="feathers.controls.ScrollContainer"/>
	<component id="SimpleScrollBar" class="feathers.controls.SimpleScrollBar"/>
	<component id="Slider" class="feathers.controls.Slider"/>
	<component id="TabBar" class="feathers.controls.TabBar"/>
	<component id="TextArea" class="feathers.controls.TextArea"/>
	<component id="TextInput" class="feathers.controls.TextInput"/>
	<component id="ToggleSwitch" class="feathers.controls.ToggleSwitch"/>

	<component id="DefaultGroupedListItemRenderer" class="feathers.controls.renderers.DefaultGroupedListItemRenderer"/>
	<component id="DefaultGroupedListHeaderOrFooterRenderer" class="feathers.controls.renderers.DefaultGroupedListHeaderOrFooterRenderer"/>
	<component id="DefaultListItemRenderer" class="feathers.controls.renderers.DefaultListItemRenderer"/>
	<component id="LayoutGroupListItemRenderer" class="feathers.controls.renderers.LayoutGroupListItemRenderer"/>

	<component id="CalloutPopUpContentManager" class="feathers.controls.popups.CalloutPopUpContentManager"/>
	<component id="DropDownPopUpContentManager" class="feathers.controls.popups.DropDownPopUpContentManager"/>
	<component id="VerticalCenteredPopUpContentManager" class="feathers.controls.popups.VerticalCenteredPopUpContentManager"/>

	<component id="BitmapFontTextRenderer" class="feathers.controls.text.BitmapFontTextRenderer"/>
	<component id="TextFieldTextRenderer" class="feathers.controls.text.TextFieldTextRenderer"/>
	<component id="TextFieldTextEditor" class="feathers.controls.text.TextFieldTextEditor"/>
	<component id="StageTextTextEditor" class="feathers.controls.text.StageTextTextEditor"/>
	<component id="TextFieldTextEditorViewPort" class="feathers.controls.text.TextFieldTextEditorViewPort"/>

	<component id="FeathersControl" class="feathers.core.FeathersControl"/>
	<component id="ToggleGroup" class="feathers.core.ToggleGroup"/>

	<component id="ListCollection" class="feathers.data.ListCollection"/>
	<component id="HierarchicalCollection" class="feathers.data.HierarchicalCollection"/>

	<component id="HorizontalLayout" class="feathers.layout.HorizontalLayout"/>
	<component id="VerticalLayout" class="feathers.layout.VerticalLayout"/>
	<component id="TiledRowsLayout" class="feathers.layout.TiledRowsLayout"/>
	<component id="TiledColumnsLayout" class="feathers.layout.TiledColumnsLayout"/>
	<component id="AnchorLayout" class="feathers.layout.AnchorLayout"/>
	<component id="AnchorLayoutData" class="feathers.layout.AnchorLayoutData"/>
</componentPackage>