<overviews>
	<packages>
		<package name="feathers.display"> 
			<shortDescription><![CDATA[A variety of custom Starling display objects.]]></shortDescription>
		</package>
		<package name="feathers.textures"> 
			<shortDescription><![CDATA[Textures for custom Starling display objects.]]></shortDescription>
		</package>
		<package name="feathers.controls"> 
			<shortDescription><![CDATA[User interface controls and containers.]]></shortDescription>
		</package>
		<package name="feathers.controls.popups"> 
			<shortDescription><![CDATA[Managers for the display of pop-up sub-components.]]></shortDescription>
		</package>
		<package name="feathers.controls.text"> 
			<shortDescription><![CDATA[Text rendering sub-components.]]></shortDescription>
		</package>
		<package name="feathers.controls.renderers"> 
			<shortDescription><![CDATA[Data renderers for list controls.]]></shortDescription>
		</package>
		<package name="feathers.core"> 
			<shortDescription><![CDATA[Base classes and interfaces used by Feathers.]]></shortDescription>
		</package>
		<package name="feathers.data"> 
			<shortDescription><![CDATA[Collections used by Feathers to display data.]]></shortDescription>
		</package>
		<package name="feathers.dragDrop"> 
			<shortDescription><![CDATA[Classes related to drag and drop operations.]]></shortDescription>
		</package>
		<package name="feathers.events"> 
			<shortDescription><![CDATA[Contains classes to related to Feathers events.]]></shortDescription>
		</package>
		<package name="feathers.layout"> 
			<shortDescription><![CDATA[A variety of layout algorithms used to customize Feathers controls and containers.]]></shortDescription>
		</package>
		<package name="feathers.skins"> 
			<shortDescription><![CDATA[Classes related to skinning and themes in Feathers.]]></shortDescription>
		</package>
		<package name="feathers.text"> 
			<shortDescription><![CDATA[Contains classes for working with text.]]></shortDescription>
		</package>
		<package name="feathers.motion"> 
			<shortDescription><![CDATA[Classes related to motion, tweens, and animation.]]></shortDescription>
		</package>
		<package name="feathers.motion.transitions"> 
			<shortDescription><![CDATA[A variety of animated transitions used by the ScreenNavigator component.]]></shortDescription>
		</package>
		<package name="feathers.system"> 
			<shortDescription><![CDATA[Higher level queries for system-level capabilities.]]></shortDescription>
		</package>
		<package name="feathers.themes"> 
			<shortDescription><![CDATA[Classes related to theming and styling components.]]></shortDescription>
		</package>
		<package name="feathers.utils"> 
			<shortDescription><![CDATA[Utility classes and function.]]></shortDescription>
		</package>
		<package name="feathers.utils.display"> 
			<shortDescription><![CDATA[Utilities for working with display objects.]]></shortDescription>
		</package>
		<package name="feathers.utils.geom"> 
			<shortDescription><![CDATA[Utilities for working with geometrical calculations.]]></shortDescription>
		</package>
		<package name="feathers.utils.math"> 
			<shortDescription><![CDATA[Utilities for common mathematical calculations.]]></shortDescription>
		</package>
		<package name="feathers.utils.text"> 
			<shortDescription><![CDATA[Utilities for text components.]]></shortDescription>
		</package>
	</packages>
</overviews>